,auc,accuracy,f1
0,0.7225806451612903,0.6741214057507987,0.6577181208053692
