,auc,accuracy,f1
0,0.707817242227873,0.670926517571885,0.6460481099656358
