,auc,accuracy,f1
0,0.907817242227873,0.845367412140575,0.7022421524663678
